{"loss": [0.7628985047340393, 0.651912271976471, 0.5862607359886169, 0.5459824800491333, 0.5157990455627441, 0.48715344071388245, 0.46048855781555176, 0.449674516916275, 0.4277639091014862, 0.4126386344432831, 0.40866637229919434, 0.3836488127708435, 0.3747903108596802, 0.3708469867706299, 0.3557720482349396, 0.35385462641716003, 0.34198644757270813, 0.33443304896354675, 0.32214415073394775, 0.3247975707054138, 0.3098520040512085, 0.3094496726989746, 0.30934080481529236, 0.2964649796485901, 0.29247215390205383, 0.29304036498069763, 0.28040266036987305, 0.27898886799812317, 0.2747424840927124, 0.27873939275741577], "accuracy": [0.7039082050323486, 0.7423501014709473, 0.7727795839309692, 0.7884844541549683, 0.8024187684059143, 0.8142524361610413, 0.8247456550598145, 0.8304874300956726, 0.8390200734138489, 0.8456821441650391, 0.8467724919319153, 0.8560553789138794, 0.8594664335250854, 0.86102694272995, 0.867618978023529, 0.8676689863204956, 0.873420774936676, 0.8753413558006287, 0.8816233277320862, 0.8792825937271118, 0.8864848017692566, 0.8854244947433472, 0.8866548538208008, 0.8903359770774841, 0.8930368423461914, 0.8919665217399597, 0.8970780968666077, 0.8975382447242737, 0.9000089764595032, 0.8975082039833069], "val_loss": [0.445337176322937, 0.3388078808784485, 0.30524513125419617, 0.25985923409461975, 0.232167050242424, 0.22217915952205658, 0.19381581246852875, 0.18175381422042847, 0.19310343265533447, 0.16834181547164917, 0.1619342863559723, 0.15463529527187347, 0.14280545711517334, 0.1345975548028946, 0.13382959365844727, 0.12243731319904327, 0.11763104796409607, 0.13707108795642853, 0.12884080410003662, 0.10901942849159241, 0.1162220761179924, 0.1198997050523758, 0.10669612139463425, 0.10427975654602051, 0.1107301339507103, 0.09600886702537537, 0.09877464920282364, 0.09143379330635071, 0.1079532653093338, 0.09481232613325119], "val_accuracy": [0.8380433320999146, 0.8797078728675842, 0.8924123644828796, 0.9094682931900024, 0.9198719263076782, 0.9255739450454712, 0.9356274604797363, 0.9395788311958313, 0.933576762676239, 0.9458810687065125, 0.9462811946868896, 0.9501825571060181, 0.9545841217041016, 0.9573350548744202, 0.9570349454879761, 0.9610363841056824, 0.9634371995925903, 0.9546341300010681, 0.958285391330719, 0.9646376371383667, 0.9622868299484253, 0.9603360891342163, 0.9650877714157104, 0.9655879735946655, 0.9628369808197021, 0.9694393277168274, 0.9675886631011963, 0.9703896641731262, 0.9638373255729675, 0.9705896973609924]}